Date,Actual_Price,MovingAvg_Prediction,LinearTrend_Prediction,MovingAvg_Error,LinearTrend_Error
2023-11-01,512.4178538252809,697.1985817307092,969.5216790563306,184.7807279054283,457.10382523104977
2023-11-02,496.7933924707204,708.3366521650687,885.4844131299706,211.5432596943483,388.69102065925017
2023-11-03,516.6923384525173,615.7630261635253,1201.8938544661542,99.07068771100796,685.2015160136368
2023-11-06,538.8261214727005,769.013823633047,1160.807830406964,230.18770216034648,621.9817089342636
2023-11-07,495.1469158819477,685.0717362566684,947.3318813641754,189.9248203747207,452.1849654822277
2023-11-08,495.3978267014266,647.6334310063866,1241.6414072358575,152.23560430495996,746.243580534431
2023-11-09,540.9821966381535,745.6212899434677,1160.158745337313,204.6390933053142,619.1765486991594
2023-11-10,520.9384954174167,807.4731383076364,1009.4553570665544,286.53464289021974,488.5168616491377
2023-11-13,490.26664385381434,672.3599566067392,761.3260723664571,182.09331275292482,271.05942851264274
2023-11-14,515.8185063435883,701.2295356586051,1265.9127636026624,185.41102931501678,750.0942572590741
2023-11-15,490.9201901862547,640.9521452092424,872.962943509895,150.03195502298774,382.04275332364034
2023-11-16,491.11364148356296,621.6214230103234,847.5737667878739,130.50778152676043,356.4601253043109
2023-11-17,509.0573205546317,723.574111381844,1132.3143637555959,214.51679082721228,623.2570432009642
2023-11-20,455.42776178091856,585.6235704854752,1220.403002414846,130.1958087045566,764.9752406339275
2023-11-21,460.3884519684863,636.9667638294559,1119.815733819538,176.57831186096956,659.4272818510517
2023-11-22,489.7059652491785,638.8230929109227,1067.0968772544145,149.11712766174418,577.390912005236
2023-11-23,478.6942570485823,675.643248335902,1059.1696912151108,196.94899128731964,580.4754341665284
2023-11-24,512.1232258893532,701.8063311537006,1118.464781767384,189.68310526434743,606.3415558780308
2023-11-27,481.8185742077282,706.6955714206232,1078.7114331864047,224.876997212895,596.8928589786765
2023-11-28,469.46384315042405,616.9630232076868,1018.5829855473617,147.49918005726272,549.1191423969376
2023-11-29,541.6650406246871,701.1712938600185,1073.0851510198747,159.50625323533143,531.4201103951876
2023-11-30,499.63192580018557,623.6937400110702,1014.3726130102334,124.06181421088462,514.7406872100478
2023-12-01,507.21717659620333,658.0025135923977,952.8207177095358,150.78533699619436,445.6035411133324
2023-12-04,470.1630313094082,662.0280559616508,963.0955236227308,191.8650246522426,492.93249231332254
2023-12-05,492.4250587195975,703.274489551865,844.1293773000589,210.84943083226756,351.7043185804614
2023-12-06,509.06070888889,635.9524426800087,1020.2267462094151,126.89173379111872,511.16603732052505
2023-12-07,477.76594853265885,694.2462445379418,899.9068378175671,216.48029600528298,422.1408892849082
2023-12-08,516.1865088208423,756.9684017610898,926.8275770992652,240.78189294024753,410.64106827842295
2023-12-11,492.03148814341137,685.7032333045964,1031.020903258759,193.67174516118507,538.9894151153477
2023-12-12,500.00863537424533,766.8484260021487,1160.2088640087052,266.83979062790337,660.2002286344598
2023-12-13,492.5119643029018,626.8225043477231,1105.343624903133,134.31054004482132,612.8316606002313
2023-12-14,554.1153615361644,664.8826263705936,918.0653011738467,110.76726483442917,363.9499396376823
2023-12-15,507.72488050845436,591.7888680632404,929.7620668514206,84.06398755478608,422.03718634296627
2023-12-18,481.87356905856865,729.6757846330278,1096.9506878573902,247.80221557445913,615.0771187988216
2023-12-19,529.134123256187,734.8524060738898,951.885383902356,205.71828281770286,422.75126064616904
2023-12-20,478.30369445455847,648.5244609090357,976.840379454856,170.22076645447726,498.53668500029755
2023-12-21,514.3007879718049,701.299219287796,1090.30599787426,186.99843131599107,576.005209902455
2023-12-22,460.34198459873994,577.0675322338211,884.5075391123764,116.72554763508117,424.1655545136365
2023-12-25,476.38375334212134,771.6713523229627,1007.9213039567173,295.2875989808413,531.5375506145961
2023-12-26,514.7647296635926,694.2257887623539,902.3621801717721,179.46105909876133,387.5974505081796
2023-12-27,528.5597848661331,707.0295245963778,989.4230204710118,178.46973973024467,460.8632356048787
2023-12-28,514.6373764561802,723.9257076511147,1067.6155698704338,209.28833119493459,552.9781934142536
2023-12-29,507.71713895143813,704.7676005382738,869.4177655982712,197.05046158683564,361.7006266468331
2024-01-01,503.3360577944174,687.530259008374,1068.3835315904573,184.19420121395655,565.0474737960399
2024-01-02,474.156032250056,607.6323094777904,993.1922523573879,133.47627722773439,519.0362201073319
2024-01-03,493.37853634037856,689.9519541971783,1069.6275317820932,196.57341785679978,576.2489954417147
2024-01-04,500.11435959702663,767.2155844207783,1043.5057730034928,267.1012248237517,543.3914134064662
2024-01-05,538.3141996909297,778.5852019986786,1195.7282426883141,240.27100230774886,657.4140429973844
2024-01-08,520.7325443466862,773.391875678656,1054.2549946114768,252.65933133196984,533.5224502647907
2024-01-09,468.3221542669599,615.7613704454006,946.3816001544346,147.43921617844074,478.05944588747474
2024-01-10,520.7564564649737,644.2762154520447,1053.986206768202,123.51975898707099,533.2297503032283
2024-01-11,503.2836273983109,669.9942813933285,1078.6134303019496,166.7106539950176,575.3298029036387
2024-01-12,496.2440897432741,672.0303353577089,1022.1300967758445,175.78624561443473,525.8860070325704
2024-01-15,528.7156305418202,756.4252064653676,1053.7747996622084,227.7095759235474,525.0591691203881
2024-01-16,539.4554232448576,627.8321917591165,990.256254464182,88.37676851425897,450.80083121932444
2024-01-17,537.2192783779551,786.6967943509858,991.9291866228602,249.47751597303068,454.70990824490514
2024-01-18,493.2138059571842,658.3134110282347,873.9532787772148,165.09960507105046,380.7394728200306
2024-01-19,506.7210317634886,658.3769782661176,1202.6787060821825,151.65594650262898,695.957674318694
2024-01-22,522.9901526154379,645.3849338524295,919.6038290763094,122.39478123699166,396.6136764608715
2024-01-23,539.3545492918229,629.6117156985345,991.0640295122321,90.25716640671158,451.7094802204092
2024-01-24,503.2440481281885,717.4025773262842,952.4033215712687,214.15852919809572,449.1592734430802
2024-01-25,510.8395413597625,687.5054397191827,1121.3319790542066,176.66589835942023,610.4924376944441
2024-01-26,488.08038193409544,596.5823369470428,979.5854141048926,108.50195501294735,491.50503217079716
2024-01-29,486.0914600603715,594.3375214571907,1131.8656673277449,108.24606139681924,645.7742072673734
2024-01-30,536.5677695350744,692.7785345705679,990.2187071106875,156.21076503549352,453.65093757561317
2024-01-31,550.4187520014775,806.8698282659471,1099.3181682238578,256.45107626446963,548.8994162223803
2024-02-01,514.9707546233423,674.9911870551621,952.4360492973665,160.0204324318198,437.4652946740242
2024-02-02,542.1177156139826,639.9605679580773,1277.6326283913213,97.8428523440947,735.5149127773387
2024-02-05,526.328808489456,687.0416552851589,928.5689665865048,160.71284679570283,402.2401580970487
2024-02-06,501.4185579520687,660.7823794646852,1053.4006289747713,159.36382151261648,551.9820710227026
2024-02-07,526.8402152308157,564.9958830837371,1111.2179033240254,38.1556678529214,584.3776880932097
2024-02-08,556.5151419173011,726.8003985914105,1118.895051662451,170.2852566741094,562.3799097451498
2024-02-09,517.427608891781,678.8808823813471,1019.8988430040101,161.45327348956607,502.4712341122291
2024-02-12,557.6985128948146,765.5088311354855,1065.716442921472,207.81031824067088,508.0179300266574
2024-02-13,453.34808510797063,718.7958898552379,978.7292323058816,265.44780474726724,525.381147197911
2024-02-14,539.6486961759499,768.9769476533378,1045.948496013101,229.32825147738788,506.2997998371511
2024-02-15,521.5368608393068,681.0924263115653,1138.924772518798,159.55556547225854,617.3879116794911
2024-02-16,512.1451807137724,629.8188852766889,1254.1974808729076,117.67370456291644,742.0523001591351
2024-02-19,522.1741940710443,823.8421842335374,987.4250155702609,301.6679901624931,465.2508214992166
2024-02-20,470.45089187996336,646.4118135806877,854.4705939220555,175.96092170072438,384.01970204209215
2024-02-21,514.9083876064202,688.6048522020675,1027.0801827712949,173.69646459564729,512.1717951648747
2024-02-22,529.5881991825529,701.3819448270527,1308.5591329479848,171.79374564449984,778.9709337654319
2024-02-23,557.8680662057445,740.7723042441373,998.5006094087714,182.9042380383928,440.6325432030269
2024-02-26,508.22441998790896,674.0063993917119,1193.1361005323156,165.7819794038029,684.9116805444066
2024-02-27,501.2294259601428,645.546325616131,1189.999507367787,144.31689965598815,688.770081407644
2024-02-28,509.1585608258753,654.8156137638557,974.7997366550759,145.65705293798038,465.64117582920056
2024-02-29,544.8483911014984,716.2107275906984,1122.746699020026,171.36233648920006,577.8983079185276
2024-03-01,530.4430975695179,676.2718590128297,1214.2827598823717,145.8287614433118,683.8396623128538
2024-03-04,509.24142689376384,646.5991377599056,992.3286527950152,137.35771086614176,483.0872259012513
2024-03-05,535.5783605317677,713.8998719163625,1036.2203245215314,178.32151138459483,500.6419639897638
2024-03-06,525.4349867749868,685.686125903944,988.2668953801224,160.25113912895722,462.8319086051356
2024-03-07,547.4856768286286,795.685326257763,967.0100037593419,248.1996494291344,419.5243269307133
2024-03-08,505.9798594944051,546.4313690747545,962.0521049878043,40.45150958034935,456.07224549339924
2024-03-11,515.6013987698154,743.1767413659385,914.2073720935898,227.57534259612305,398.6059733237744
2024-03-12,514.252145082673,749.5564047075545,1038.6604919085958,235.30425962488152,524.4083468259228
2024-03-13,487.72900263212944,557.059491011722,931.7316795262652,69.33048837959257,444.0026768941358
2024-03-14,531.9820417002145,687.8476619961971,1076.3606328792894,155.86562029598258,544.3785911790749
2024-03-15,531.367706095484,685.7956627956944,896.7781414751213,154.42795670021042,365.4104353796373
2024-03-18,525.2315813691939,627.8559966333029,1079.3196045906398,102.62441526410896,554.0880232214458
2024-03-19,519.5016184912301,653.6107841116864,1123.8545146521226,134.10916562045622,604.3528961608924
2024-03-20,490.2447114227614,607.71591914947,811.8711471656159,117.4712077267086,321.6264357428545
2024-03-21,515.3756613948748,775.9891835660559,1073.781318379632,260.6135221711811,558.4056569847572
2024-03-22,517.5868774480714,737.3707971054445,1161.3537766954005,219.78391965737308,643.7668992473291
2024-03-25,506.3608860008806,742.9386407505885,906.3967841317601,236.57775474970794,400.0358981308795
2024-03-26,522.6488838486367,731.7324870507985,1210.9061225324072,209.08360320216173,688.2572386837704
2024-03-27,537.0456385739705,653.593050013109,1099.947539510575,116.5474114391385,562.9019009366046
2024-03-28,574.3624868674469,721.1364735534582,1024.8613012916062,146.7739866860113,450.49881442415926
2024-03-29,531.8358885776483,729.3046166390443,1047.2589808118778,197.46872806139595,515.4230922342294
2024-04-01,534.1739387465499,646.0675483019526,1111.006629998722,111.89360955540269,576.8326912521721
2024-04-02,526.1378986738157,734.7878201824351,1054.7384378150568,208.6499215086194,528.6005391412411
2024-04-03,480.2937657087779,641.2774958008712,1055.1693649534147,160.98373009209325,574.8755992446368
2024-04-04,527.864330728069,682.1232903505892,956.7969714201324,154.25895962252014,428.9326406920634
2024-04-05,530.2971964516323,738.8451948618069,1068.23327885524,208.5479984101746,537.9360824036078
2024-04-08,590.6368897358403,785.8500553101424,970.2654400453423,195.21316557430202,379.628550309502
2024-04-09,524.5113407226419,679.4630324316879,1034.388734587772,154.95169170904603,509.8773938651301
2024-04-10,537.1237085829313,768.0901987511437,967.7329444364523,230.96649016821243,430.609235853521
2024-04-11,528.9820232944721,647.9288569144773,976.4290290354954,118.94683362000512,447.4470057410233
2024-04-12,500.8977915053836,704.6945718525968,1145.5071090264273,203.7967803472132,644.6093175210437
2024-04-15,558.9503701799703,761.6054330783895,1189.081382239397,202.65506289841926,630.1310120594268
2024-04-16,549.4433155341726,706.9659935684731,1131.3571276248904,157.5226780343005,581.9138120907178
2024-04-17,550.6861108879378,739.9927620000437,962.45483442068,189.3066511121059,411.7687235327421
2024-04-18,508.44108099809904,618.8854021788338,997.8002360286189,110.44432118073479,489.35915503051984
2024-04-19,566.5112130250541,785.7125639853991,1208.8209830229725,219.20135096034505,642.3097699979185
2024-04-22,496.6607993594704,660.4156925373209,1031.832490723461,163.75489317785048,535.1716913639906
2024-04-23,546.6443568122487,693.5082057862967,1299.577310810418,146.86384897404798,752.9329539981694
2024-04-24,587.000306577225,812.4507678690695,1147.3320905166622,225.45046129184448,560.3317839394372
2024-04-25,507.74162726167435,645.5244427345364,1047.9465389106776,137.782815472862,540.2049116490033
2024-04-26,518.6138446675673,621.1907798493893,1008.7021982473171,102.57693518182202,490.0883535797499
2024-04-29,535.5289576787814,630.6974990025861,1069.8830481570096,95.16854132380479,534.3540904782283
2024-04-30,520.717301035461,724.0177986027429,1026.4703173974067,203.30049756728192,505.7530163619457
2024-05-01,494.8042587079069,603.7827910830928,1086.615126376766,108.97853237518586,591.8108676688591
2024-05-02,535.551704276953,796.2914133761712,1152.2219359564115,260.7397090992182,616.6702316794584
2024-05-03,507.54695587860317,576.4504854844171,949.9480098278082,68.9035296058139,442.401053949205
2024-05-06,546.2114117619963,804.0342301764981,934.0881164062184,257.82281841450185,387.8767046442222
2024-05-07,511.65318094076963,695.2040543009006,849.0326436304399,183.55087336013094,337.3794626896703
2024-05-08,573.6544663154515,741.8188107219319,1145.4535990067059,168.16434440648038,571.7991326912544
2024-05-09,515.592226934702,661.3462725942545,926.2555663173147,145.7540456595525,410.66333938261266
2024-05-10,527.3896081175875,720.346413835191,833.1005488223392,192.95680571760352,305.7109407047517
2024-05-13,556.0467970299826,727.1650619087402,1115.904657483079,171.1182648787576,559.8578604530965
2024-05-14,505.2051131181897,733.3702072190158,1275.5050648614688,228.16509410082614,770.299951743279
2024-05-15,541.9312077546564,720.6425901877584,1062.324116600667,178.71138243310202,520.3929088460105
2024-05-16,569.1914006013086,749.7064886744025,1174.0404780464728,180.51508807309392,604.8490774451642
2024-05-17,496.5940072960892,651.4133966853965,1025.7769431508457,154.81938938930728,529.1829358547565
2024-05-20,541.6653251675075,711.8180439814541,1052.7763598483932,170.15271881394665,511.1110346808857
2024-05-21,543.8150732997626,732.2051617443656,1156.7227215985395,188.39008844460295,612.9076482987768
2024-05-22,557.1322342397066,644.6238146068753,1049.1047798208415,87.4915803671687,491.9725455811349
2024-05-23,506.9316880045444,612.5224168992588,1054.6709194117348,105.5907288947144,547.7392314071903
2024-05-24,505.11296817727765,715.2761728784134,1058.282748796879,210.16320470113573,553.1697806196014
2024-05-27,551.4419848365593,732.9852567429564,1005.6329394722544,181.54327190639708,454.1909546356951
2024-05-28,546.0872592498146,709.8880924321807,1166.2914942034668,163.8008331823661,620.2042349536522
2024-05-29,545.1942949988412,719.1159916521109,1048.6983193293004,173.9216966532697,503.5040243304592
2024-05-30,547.8626449644887,738.2417302325723,993.2881290152043,190.3790852680836,445.42548405071557
2024-05-31,522.4704224074655,668.4824383919974,1097.121406764506,146.0120159845319,574.6509843570404
2024-06-03,545.5471183961764,679.6318821260608,976.7003202170727,134.08476372988434,431.15320182089624
2024-06-04,547.3374581876019,730.129720942486,1071.1555739245146,182.79226275488406,523.8181157369127
2024-06-05,522.4218662276533,646.5032273469017,1042.5099665632329,124.08136111924841,520.0881003355796
2024-06-06,587.1951547827705,780.6077925684941,1216.7847113659282,193.41263778572363,629.5895565831577
2024-06-07,552.6668904229482,640.5377102110562,1121.1367137109435,87.87081978810795,568.4698232879953
2024-06-10,511.30889050378744,735.7666723700696,1029.806194629273,224.45778186628218,518.4973041254856
2024-06-11,557.7758638886662,754.4057380093184,1160.5524938086949,196.62987412065218,602.7766299200287
2024-06-12,517.2656629289737,703.0671496446676,1177.286417830705,185.80148671569384,660.0207549017313
2024-06-13,561.5806361305605,783.7151853278363,1138.3616667657466,222.13454919727576,576.7810306351861
2024-06-14,571.1393622727028,827.4130844958316,1093.1746242570407,256.27372222312886,522.0352619843379
2024-06-17,521.9285020751237,745.6470053260302,911.7448788401077,223.71850325090656,389.81637676498406
2024-06-18,566.8011860450413,647.757474478459,981.289819737504,80.95628843341774,414.4886336924627
2024-06-19,553.3076643787526,662.3288160419676,1043.7851939432858,109.02115166321494,490.47752956453314
2024-06-20,563.8111392758051,705.5702103910212,1023.8599190598768,141.7590711152161,460.0487797840717
2024-06-21,590.9510896599295,765.2556421704712,1093.253959361385,174.30455251054173,502.3028697014554
2024-06-24,537.6683278260558,736.551278849512,1064.3333203157665,198.88295102345614,526.6649924897107
2024-06-25,525.2315281325534,661.9443374748802,1099.2008035682265,136.71280934232675,573.9692754356731
2024-06-26,522.1091089669732,704.4474471908271,1036.059231161064,182.33833822385395,513.9501221940908
2024-06-27,524.2238860683292,659.454739450663,1093.8740504509494,135.23085338233386,569.6501643826202
2024-06-28,542.9639100287087,685.3880198791113,1070.4113515097206,142.4241098504026,527.4474414810119
2024-07-01,553.6926978608594,656.3596430184483,877.1460412254723,102.66694515758888,323.4533433646129
2024-07-02,552.3537504229389,679.1920881173937,979.4202110410635,126.83833769445482,427.06646061812455
2024-07-03,566.388779905809,671.8045496249923,1072.9800243336474,105.41576971918334,506.59124442783843
2024-07-04,546.3071005761959,670.5134379273293,946.3376262920851,124.20633735113336,400.0305257158892
2024-07-05,582.5933962348208,808.2754860652128,1163.5862692344413,225.682089830392,580.9928729996204
2024-07-08,539.911750997092,665.4418065554948,1213.9868342314617,125.53005555840286,674.0750832343697
2024-07-09,614.8056650786953,919.4247683205648,1257.681850248427,304.61910324186954,642.8761851697318
2024-07-10,562.7165203260369,760.3824153700814,1062.372233233016,197.66589504404453,499.65571290697915
2024-07-11,525.9194351398206,708.1612413245643,1195.9920488248158,182.24180618474372,670.0726136849952
2024-07-12,520.8497357857249,650.9318467766642,1056.716481505936,130.08211099093933,535.866745720211
2024-07-15,559.9576696424509,767.9731636129005,1047.249072530647,208.0154939704496,487.2914028881961
2024-07-16,542.5832375578557,686.801346245967,1002.2429712037617,144.21810868811133,459.65973364590604
2024-07-17,566.2939044468998,745.3943951791679,1057.046935798087,179.1004907322681,490.75303135118713
2024-07-18,560.5490546549834,861.5532815684231,1042.7313728008605,301.00422691343977,482.18231814587716
2024-07-19,547.1717502812431,715.3687552950106,1085.2133725187919,168.19700501376747,538.0416222375487
2024-07-22,528.0971263825037,758.5607926967875,1065.15452448749,230.46366631428384,537.0573981049864
2024-07-23,511.67042220173425,649.5116009454399,1032.9750242170758,137.84117874370565,521.3046020153415
2024-07-24,538.6534998186147,709.9040752937666,1103.3473167932498,171.2505754751519,564.6938169746351
2024-07-25,571.5012516651873,833.0412834469628,1211.5658791438213,261.5400317817755,640.0646274786341
2024-07-26,555.7186710512591,697.3703181618707,1171.6740845953914,141.65164711061163,615.9554135441323
2024-07-29,519.4980411439282,783.1204690437746,892.0082442989378,263.62242789984646,372.51020315500966
2024-07-30,555.2463545133133,763.6339512860872,820.8542410231179,208.3875967727738,265.60788650980453
2024-07-31,560.825224275938,705.7018854812246,1175.2572153998653,144.8766612052866,614.4319911239273
2024-08-01,529.3714500225802,733.9918369753563,913.6835801810381,204.62038695277602,384.3121301584579
2024-08-02,555.5867475192105,777.214470000547,1054.110207329942,221.6277224813365,498.52345981073165
2024-08-05,553.4747096416576,757.5652077525174,957.4634070357216,204.0904981108598,403.98869739406405
2024-08-06,523.7212439805821,618.2100079860593,864.5232002225802,94.48876400547715,340.801956241998
2024-08-07,561.516333185768,698.1594743945245,1136.6626060062467,136.64314120875656,575.1462728204788
2024-08-08,566.8675481608552,727.49161638328,1163.78306419112,160.62406822242474,596.9155160302648
2024-08-09,580.2006400485321,749.4789685935298,1043.5495999758602,169.27832854499763,463.3489599273281
2024-08-12,579.7459724495073,783.7795773270412,841.6417432350163,204.0336048775339,261.89577078550894
2024-08-13,519.2358874102817,701.1209374569444,985.6114425850335,181.88505004666263,466.37555517475175
2024-08-14,530.5088344221355,636.7416164866304,1090.68923496239,106.23278206449493,560.1804005402545
2024-08-15,567.1073193304401,759.1172118807383,940.2161624530272,192.00989255029822,373.10884312258713
2024-08-16,567.353202141854,770.8824894060451,1106.6891941197696,203.5292872641911,539.3359919779156
2024-08-19,567.6619998033843,768.6515221999364,1087.1310148860848,200.98952239655205,519.4690150827005
2024-08-20,651.3814878159242,878.4205240936553,1230.310637776033,227.03903627773116,578.9291499601088
2024-08-21,569.61299491716,784.3091026446052,1102.5710317585754,214.69610772744522,532.9580368414154
2024-08-22,584.0075435204207,779.9665474818426,1007.7006494322651,195.9590039614219,423.69310591184444
2024-08-23,579.7462558044936,749.2379702315612,1220.4034059709427,169.49171442706768,640.6571501664491
2024-08-26,572.4589411056671,662.4108944298675,1077.60598380297,89.95195332420042,505.14704269730294
2024-08-27,548.570515786925,743.0514267435542,1066.840061835932,194.48091095662926,518.269546049007
2024-08-28,575.7047035387167,759.0890878968722,1003.3779076313971,183.38438435815556,427.6732040926804
2024-08-29,537.6882078994589,724.2671497592276,1014.3599827803079,186.57894185976863,476.67177488084894
2024-08-30,551.3668775135294,660.529448722514,983.8866061108392,109.16257120898456,432.51972859730984
2024-09-02,545.431897657643,664.3790706372299,1049.1372916653008,118.94717297958687,503.7053940076578
2024-09-03,559.8916228312054,785.5492654978506,1252.0624708454397,225.6576426666452,692.1708480142344
2024-09-04,615.9901558980582,787.0123982052255,999.8000416049226,171.0222423071673,383.8098857068644
2024-09-05,511.72112376229245,718.7961586309236,871.3649839746183,207.07503486863118,359.6438602123259
2024-09-06,575.8384597132375,750.2543785197606,1243.9554924625984,174.4159188065231,668.1170327493609
2024-09-09,518.6433991516102,693.1312061263975,1018.7110314364236,174.4878069747873,500.0676322848134
2024-09-10,547.4424799345813,767.3566702333812,1001.5352060685897,219.9141902987999,454.09272613400833
2024-09-11,586.7441618917909,733.9419254809222,1211.7346306313984,147.19776358913134,624.9904687396075
2024-09-12,561.4071576434771,739.2131964905263,1021.8456036697908,177.8060388470492,460.4384460263136
2024-09-13,533.1364377964409,683.0226733611887,1236.7374091511347,149.88623556474784,703.6009713546938
2024-09-16,542.4775045417966,693.7526931701809,1131.2700916757235,151.27518862838429,588.7925871339269
2024-09-17,577.6302210452993,735.1716148718674,1049.839080230729,157.54139382656808,472.2088591854297
2024-09-18,542.6614316676649,726.7681202493505,1279.3922529942151,184.1066885816856,736.7308213265502
2024-09-19,566.6125224988731,715.6750914156992,1027.0410301985394,149.06256891682608,460.4285076996663
2024-09-20,562.6209542857987,798.4087605644747,1157.8304914867294,235.78780627867604,595.2095372009308
2024-09-23,545.472390427202,673.7420253162268,1096.4016484678511,128.26963488902481,550.9292580406492
2024-09-24,615.6418825500392,779.2983003419713,1266.816011489919,163.65641779193209,651.1741289398798
2024-09-25,578.1722775150147,729.185724601306,1255.3233971876998,151.0134470862913,677.1511196726851
2024-09-26,511.97689944160277,757.3257936592894,1036.1773143481794,245.34889421768662,524.2004149065766
2024-09-27,567.5481247093326,750.3758635349113,1013.2063376747142,182.82773882557876,445.6582129653816
2024-09-30,546.6235486043072,771.2157755777389,1113.6207628982188,224.5922269734317,566.9972142939116
2024-10-01,584.7606276985343,683.4826090466858,1037.9890907233237,98.72198134815142,453.22846302478933
2024-10-02,543.9185007649755,730.2710140584385,1266.2572255176378,186.35251329346295,722.3387247526623
2024-10-03,561.1449739487334,778.6265137299052,1095.798507057007,217.48153978117182,534.6535331082737
2024-10-04,576.92007365241,754.0342731161812,1061.387918521199,177.11419946377123,484.46784486878903
2024-10-07,586.2214192279904,812.495437981258,1125.6894498144811,226.27401875326757,539.4680305864907
2024-10-08,534.8524179670299,681.9879954620112,921.1397890140602,147.13557749498136,386.2873710470303
2024-10-09,556.7797271614722,800.2470991707512,980.618323310407,243.46737200927896,423.8385961489348
2024-10-10,553.5511964075008,841.4961025884634,1194.5925872019434,287.94490618096256,641.0413907944426
2024-10-11,549.3743107867751,704.2323827647922,1004.6848828896356,154.85807197801705,455.3105721028604
2024-10-14,610.1267513789459,760.8516253089073,1026.435653110752,150.7248739299614,416.30890173180603
2024-10-15,576.3979333436282,822.0671571995133,1151.0632085963568,245.6692238558851,574.6652752527286
2024-10-16,535.034428406513,787.0130356930487,1174.6048438728126,251.97860728653563,639.5704154662996
2024-10-17,589.7863542048909,736.6433528472276,1182.6816852713976,146.85699864233663,592.8953310665066
2024-10-18,620.1771303566017,772.1677895018088,1240.7818989371833,151.99065914520713,620.6047685805817
2024-10-21,593.2184185577801,752.1291881147547,1038.538909700834,158.91076955697463,445.3204911430539
2024-10-22,529.7062412886729,635.4837157369591,908.5251746144886,105.77747444828617,378.8189333258157
2024-10-23,555.8684838610857,682.9358865368757,1227.0018490566345,127.06740267579005,671.1333651955488
2024-10-24,599.931101580249,722.7240632426456,1088.6631176960354,122.79296166239658,488.73201611578645
2024-10-25,550.8507153715391,685.4608371163326,1046.7674137260344,134.61012174479356,495.91669835449534
2024-10-28,579.9222089416704,751.1879645723313,1233.741623126576,171.26575563066092,653.8194141849057
2024-10-29,588.476987935367,773.187724562193,1165.0999888754332,184.71073662682602,576.6230009400662
2024-10-30,546.2224303784812,796.747455019185,1112.811207586642,250.5250246407038,566.5887772081608
2024-10-31,568.1922561124724,691.2745540755328,1305.6924906025806,123.08229796306046,737.5002344901083
2024-11-01,488.93354670729747,711.1496666311266,945.5817236692832,222.21611992382913,456.6481769619857
2024-11-04,544.6405217907716,706.9410795794961,1158.4245345988952,162.30055778872452,613.7840128081236
2024-11-05,564.2211341457117,734.74794866309,1090.9224466354203,170.52681451737828,526.7013124897086
2024-11-06,539.6260260503848,746.3670006587149,1087.4852539367105,206.74097460833013,547.8592278863257
2024-11-07,611.9162985005967,728.7801974224817,1285.7631411418497,116.86389892188504,673.846842641253
2024-11-08,535.6380344612411,727.7585217704436,1107.4216100902036,192.12048730920253,571.7835756289625
2024-11-11,560.6761525272874,741.9987629379402,1135.5057604322506,181.32261041065283,574.8296079049632
2024-11-12,575.2316177592116,772.854180959619,1203.4823514901918,197.6225632004074,628.2507337309802
2024-11-13,608.2809171053757,795.7393493007667,1092.7856441510871,187.45843219539097,484.50472704571143
2024-11-14,536.6386556416762,832.4036626372209,973.7176889077756,295.7650069955447,437.0790332660994
2024-11-15,601.9005708297467,743.0135716171809,1018.4196514276433,141.1130007874342,416.5190805978966
2024-11-18,573.3637142898752,719.8138665397844,897.7280553522751,146.45015224990914,324.36434106239983
2024-11-19,548.856725432069,690.6996991108308,1275.4774384261011,141.84297367876184,726.6207129940321
2024-11-20,585.2337257857037,730.4598698276909,995.9128892135353,145.22614404198725,410.67916342783167
2024-11-21,578.9444718879232,720.0751155225973,1077.819109529346,141.13064363467413,498.87463764142274
2024-11-22,559.2495415593659,791.7003681147435,1052.5682115704737,232.4508265553776,493.3186700111079
2024-11-25,576.2871430948303,820.312355494323,1128.0278128757404,244.02521239949272,551.7406697809101
2024-11-26,565.1965220940208,709.659207406547,1167.7702433479503,144.46268531252622,602.5737212539295
2024-11-27,577.9547103278538,709.3369316726423,1185.0020591638283,131.3822213447885,607.0473488359745
2024-11-28,591.957601947947,788.5283797672671,1054.6498580910531,196.57077781932014,462.6922561431062
2024-11-29,615.342457656097,760.7313054420486,1119.630286277456,145.3888477859515,504.2878286213589
2024-12-02,545.0344958004182,749.6810866881938,1094.2924908492482,204.64659088777557,549.25799504883
2024-12-03,629.5937075791317,812.7398586216966,1125.7245949607768,183.14615104256495,496.13088738164515
2024-12-04,527.7538121612688,624.9666064114072,1209.488369763268,97.21279425013836,681.7345576019993
2024-12-05,573.0496577770164,823.4249178435194,1143.1471529408414,250.37526006650307,570.097495163825
2024-12-06,591.8406374575968,854.6345211123729,1186.3284160625785,262.7938836547761,594.4877786049817
2024-12-09,584.4460703425059,726.8066358182866,1171.7341972092472,142.36056547578073,587.2881268667413
2024-12-10,562.1424962904397,715.7574182936405,1200.4898820389722,153.61492200320083,638.3473857485325
2024-12-11,572.7957830191657,760.089052555411,1111.8979388895364,187.29326953624525,539.1021558703707
2024-12-12,565.9628153312657,755.685654830617,957.279620535681,189.72283949935127,391.31680520441535
2024-12-13,563.8428636934801,769.7700773271216,1124.8116588687444,205.9272136336415,560.9687951752643
2024-12-16,600.1063235339195,873.616550472237,1055.9706341547367,273.5102269383175,455.86431062081715
2024-12-17,588.0810913930742,752.2337300183717,1056.2194232180984,164.15263862529753,468.13833182502424
2024-12-18,562.1225422145537,695.2076799876311,1141.758944090063,133.08513777307735,579.6364018755094
2024-12-19,602.2250016229493,706.259040222223,1247.053308766313,104.03403859927369,644.8283071433636
2024-12-20,587.7073602614017,724.1608582643057,1110.8345179350079,136.45349800290398,523.1271576736061
2024-12-23,600.6364376465802,771.9800890028904,1152.5197389064765,171.34365135631015,551.8833012598963
2024-12-24,596.3457631660344,859.0736563419239,1287.5672576295583,262.72789317588945,691.2214944635239
2024-12-25,560.1704693659511,707.2899044141426,1105.245787314808,147.11943504819146,545.0753179488569
2024-12-26,567.1812663063981,751.3706638883431,1348.3495777244375,184.18939758194495,781.1683114180394
2024-12-27,600.1587253355597,772.3375805319221,1177.709689898714,172.1788551963624,577.5509645631544
2024-12-30,597.0263800359184,829.4460437083226,941.9501041203366,232.41966367240423,344.92372408441827
2024-12-31,581.535467112678,880.8820884063591,1177.8696292231311,299.3466212936811,596.3341621104531
2025-01-01,585.2822205479823,731.7387819019663,1144.39805903626,146.45656135398394,559.1158384882777
2025-01-02,614.5818328779559,763.1098607520448,1264.5571082862305,148.52802787408893,649.9752754082746
2025-01-03,568.1422458675911,793.3502897210446,1156.460380994587,225.20804385345355,588.3181351269959
2025-01-06,596.900430883032,803.9950053643475,1104.0548324846545,207.0945744813156,507.15440160162257
2025-01-07,578.4597915411105,843.7951578279121,977.0299679121739,265.3353662868017,398.57017637106344
2025-01-08,578.3643350752033,780.5607443415015,1078.4620093466008,202.19640926629825,500.0976742713975
2025-01-09,611.5676896381416,766.6030850987886,1047.5156442172115,155.035395460647,435.9479545790699
2025-01-10,605.0257261973317,807.5584677319471,1067.9733812168593,202.5327415346154,462.9476550195276
2025-01-13,605.0202535313833,833.4554325605287,1184.8780939734443,228.4351790291454,579.8578404420609
2025-01-14,617.6118240665411,831.6359331264093,1305.6022745016817,214.02410905986824,687.9904504351406
2025-01-15,585.7924373554456,784.1561389108105,1146.2595903377437,198.36370155536486,560.4671529822981
2025-01-16,602.6087992676581,828.9425337471158,1004.0204930641397,226.3337344794577,401.4116937964816
2025-01-17,578.0960860579402,809.5608655802238,1143.5563528799544,231.4647795222836,565.4602668220142
2025-01-20,594.2498401624739,836.3577897143502,1234.912988827039,242.10794955187635,640.6631486645651
2025-01-21,583.1851778317459,788.6206722112281,1043.2068873998078,205.43549437948218,460.02170956806185
2025-01-22,589.1568726928514,753.8009686770087,1096.7551560255597,164.64409598415727,507.5982833327083
2025-01-23,601.9042651907404,782.2399495124065,1124.37308466366,180.33568432166612,522.4688194729196
2025-01-24,566.863335143758,800.1887834691759,1009.373503835534,233.32544832541782,442.510168691776
2025-01-27,639.9221935428436,772.0754099934818,1225.7502369272295,132.15321645063818,585.8280433843859
2025-01-28,562.7558833690399,754.189548812685,1071.6610685082617,191.43366544364505,508.90518513922177
2025-01-29,557.8455557457924,711.1786151294243,1120.7988001364952,153.33305938363196,562.9532443907028
2025-01-30,617.44714303852,791.884384185261,1049.69792525831,174.43724114674092,432.25078221979004
2025-01-31,608.5801857356922,845.5027788660572,1085.8343557033513,236.92259313036493,477.2541699676591
2025-02-03,604.6860081221159,787.2409615231111,1197.924143904893,182.55495340099515,593.2381357827771
2025-02-04,605.086191933767,780.4080193415745,1088.8028767245903,175.3218274078074,483.71668479082325
2025-02-05,589.3660736580881,694.3732666090922,1283.0624587814286,105.00719295100407,693.6963851233405
2025-02-06,567.5357198136048,777.8483981149659,1048.5721012521446,210.31267830136107,481.0363814385398
2025-02-07,592.1571765951442,797.431385652198,1135.6256491703327,205.27420905705378,543.4684725751886
2025-02-10,573.6281508838183,854.7908870490913,1187.8872340711273,281.16273616527303,614.259083187309
2025-02-11,615.2304656039006,772.8415538562506,994.3938923105975,157.61108825235,379.1634267066969
2025-02-12,587.4714639670375,771.4289803502345,932.3905827689599,183.957516383197,344.9191188019224
2025-02-13,570.8060425340306,756.2752267195683,939.240411077021,185.46918418553776,368.43436854299046
2025-02-14,583.7045481487454,835.5772121369191,1230.9629584914637,251.8726639881737,647.2584103427183
2025-02-17,602.3583501440559,770.5935735247083,1068.1725355548112,168.23522338065243,465.8141854107554
2025-02-18,578.2379674989594,765.1890437874763,1355.0578960657845,186.9510762885169,776.8199285668251
2025-02-19,572.0717369705574,775.4665624563843,1036.6469771048185,203.3948254858269,464.5752401342611
2025-02-20,599.0157407704459,781.3461969282638,1138.4708710901496,182.33045615781793,539.4551303197037
2025-02-21,599.3441865411077,750.0225058135812,1274.5551817978953,150.67831927247357,675.2109952567877
2025-02-24,580.8430528902431,763.5475525351585,1302.4523417061555,182.70449964491536,721.6092888159124
2025-02-25,582.0374329502005,808.719020443189,1309.1877906138402,226.68158749298857,727.1503576636397
2025-02-26,599.9115457198948,721.5857807493418,1241.748168779209,121.674235029447,641.8366230593142
2025-02-27,558.2052438971637,737.8537276045074,1181.6114964783098,179.64848370734376,623.4062525811462
2025-02-28,559.5179617514002,697.5119210044415,1139.7706566715185,137.99395925304134,580.2526949201183
2025-03-03,577.0408028575586,809.7931343038007,1175.8769104742223,232.75233144624212,598.8361076166638
2025-03-04,589.9632305502676,686.8038853110788,1055.844658917414,96.84065476081128,465.88142836714655
2025-03-05,603.3697481876854,748.423655824106,1042.5498598454546,145.0539076364206,439.1801116577692
2025-03-06,632.778763000998,824.6393567542241,1153.441317259903,191.8605937532261,520.662554258905
2025-03-07,617.6342955860983,868.9104970478154,1121.6158333336055,251.27620146171705,503.9815377475071
2025-03-10,592.492438159465,762.2049251058156,1068.1696332267375,169.71248694635062,475.67719506727246
2025-03-11,596.3137416616878,741.5537653270279,1186.9524864073592,145.24002366534012,590.6387447456714
2025-03-12,572.0243073167394,839.0821607887689,1188.5548281737906,267.0578534720295,616.5305208570512
2025-03-13,596.9232568035911,697.5225617827789,1126.763945432776,100.59930497918776,529.8406886291848
2025-03-14,590.4683122729991,653.5280144419951,1259.2213203785254,63.059702168995955,668.7530081055263
2025-03-17,606.0515846435778,801.0523071462444,1012.8826732302273,195.00072250266658,406.83108858664946
2025-03-18,577.6018388566349,725.4991276390044,1079.2358929286631,147.89728878236951,501.6340540720282
2025-03-19,611.5654166076952,733.5037757511595,1060.8831845474147,121.93835914346437,449.3177679397195
2025-03-20,637.199517453606,845.6173398185736,971.5458557462999,208.4178223649676,334.346338292694
2025-03-21,596.4614814394342,781.6515171279941,1109.1934128551643,185.19003568855987,512.7319314157301
2025-03-24,609.5228684459047,754.3189369090683,1118.3481176075763,144.79606846316358,508.82524916167165
2025-03-25,617.0334152239056,726.018195290361,1289.3783895481188,108.9847800664553,672.3449743242131
2025-03-26,590.0491935416975,806.6720599557048,1174.1303619971752,216.62286641400726,584.0811684554777
2025-03-27,605.9820572367732,811.4921161347063,1024.5633748038526,205.51005889793305,418.5813175670794
2025-03-28,600.9947450836535,769.0359518946843,1307.4040017170723,168.04120681103086,706.4092566334189
2025-03-31,603.4221774953613,868.7540272977446,1246.5255470478965,265.3318498023833,643.1033695525351
2025-04-01,581.9555205727696,701.451282256462,1161.1652909196312,119.49576168369242,579.2097703468615
2025-04-02,602.1941599082145,698.9179013619776,1100.5457500232312,96.72374145376307,498.35159011501673
2025-04-03,614.3321535356529,752.7367500415907,1039.3882298633048,138.40459650593777,425.0560763276519
2025-04-04,638.46172754752,809.1824267297451,1122.2410499404148,170.72069918222508,483.77932239289476
2025-04-07,626.4659995734504,811.632972039585,1256.3408615438689,185.16697246613455,629.8748619704185
2025-04-08,656.6150324735697,817.5532295807532,1366.0736630670306,160.93819710718344,709.4586305934608
2025-04-09,583.9031746990975,774.5059445248123,1259.2275275263164,190.60276982571486,675.324352827219
2025-04-10,625.1964231212013,735.6194519116791,1097.3114809425738,110.42302879047782,472.1150578213725
2025-04-11,608.2736515502447,853.4618817539076,1017.3119082213436,245.1882302036629,409.0382566710989
2025-04-14,658.737019787931,827.6294608683025,1193.8256444790513,168.89244108037155,535.0886246911203
2025-04-15,584.0864852968392,812.9512768762456,928.2425487405541,228.86479157940641,344.15606344371486
2025-04-16,583.6030433474139,773.739310666299,1136.9198147658922,190.1362673188852,553.3167714184783
2025-04-17,589.9135713105336,785.7512322682228,1096.1533126806667,195.8376609576892,506.23974137013306
2025-04-18,552.1034435326123,753.5918075442225,1026.499793345788,201.4883640116102,474.3963498131757
2025-04-21,592.3595615166586,787.7449895175243,953.8892547899791,195.38542800086577,361.5296932733205
2025-04-22,586.8278722383644,791.9640102317417,1159.187882895336,205.13613799337725,572.3600106569717
2025-04-23,609.8689365335006,849.3265630401222,1077.5988525673095,239.45762650662164,467.7299160338089
2025-04-24,614.9560458119603,797.7821042970338,1018.9643622409315,182.82605848507353,404.00831642897117
2025-04-25,653.6196234711373,862.0698113505629,887.3934021429724,208.45018787942558,233.7737786718351
2025-04-28,630.7793061216368,799.2925214072754,1149.0278156165732,168.5132152856387,518.2485094949365
2025-04-29,592.8996281305086,837.9054889029823,1291.124787797483,245.00586077247362,698.2251596669743
2025-04-30,585.1655138481208,724.3458987451572,1272.2914353029078,139.18038489703645,687.125921454787
2025-05-01,620.2276728598083,883.2746945053491,1095.5180472011812,263.0470216455408,475.29037434137285
2025-05-02,575.2278282434157,746.2199307111986,1036.0066222072378,170.99210246778284,460.77879396382207
2025-05-05,654.3242443944999,755.7854892885975,1222.2016700020022,101.4612448940976,567.8774256075022
2025-05-06,638.3280471537973,817.7332678993369,1059.4895032349682,179.4052207455395,421.16145608117085
2025-05-07,597.4170738552153,736.3644909814714,1148.596263837162,138.94741712625603,551.1791899819467
2025-05-08,566.62267516314,781.6548526125762,1164.230703001609,215.03217744943618,597.6080278384691
2025-05-09,643.6025732637423,783.9713742986228,1287.295895652173,140.36880103488045,643.6933223884306
2025-05-12,607.1971456602464,757.8879739995074,1118.1817380122511,150.69082833926097,510.9845923520047
2025-05-13,641.3110799117942,719.8340433645176,1141.9437048940977,78.52296345272339,500.63262498230347
2025-05-14,570.8101634786547,721.1948475162008,1004.0119048029985,150.3846840375461,433.20174132434386
2025-05-15,595.9918148021437,647.7978484706958,1034.3037793981578,51.80603366855212,438.31196459601404
2025-05-16,611.4127709641306,705.2176297898444,1109.7648817739778,93.80485882571384,498.3521108098472
2025-05-19,612.7618341545301,823.782566961745,1170.498384836148,211.02073280721493,557.7365506816179
2025-05-20,600.6414761830856,812.9314841156272,1212.9999388064107,212.29000793254158,612.3584626233251
2025-05-21,627.7703078352392,822.0431859244875,1068.4524127672048,194.27287808924825,440.68210493196557
2025-05-22,585.81464832175,710.4658411652894,1256.0835052177022,124.65119284353932,670.2688568959521
2025-05-23,609.2519245103108,779.8663567032117,1103.139564406054,170.61443219290095,493.8876398957432
2025-05-26,616.1252081344584,788.94508117993,1134.988478699615,172.81987304547158,518.8632705651565
2025-05-27,626.2853471018005,741.3671126421734,1072.5641791870182,115.08176554037288,446.2788320852177
2025-05-28,631.5214603906792,879.6913754790367,910.097434363385,248.16991508835747,278.5759739727058
2025-05-29,585.9219016867295,802.7900162155131,1195.3264413228344,216.86811452878362,609.4045396361049
2025-05-30,575.9921186912768,737.9439099997936,1170.67650840052,161.95179130851682,594.6843897092433
2025-06-02,646.5940659936099,820.9383579433364,1139.4613102817884,174.34429194972654,492.86724428817854
2025-06-03,623.2673218183601,806.6864622157377,1150.9663935408473,183.41914039737765,527.6990717224872
2025-06-04,596.5547878407158,667.4680444195012,1169.1487096111257,70.91325657878542,572.5939217704099
2025-06-05,654.3533841183199,814.9945149922901,1019.0987984296656,160.64113087397016,364.7454143113457
2025-06-06,618.7742378799435,757.6750254800536,1086.868970145314,138.9007876001101,468.09473226537057
2025-06-09,645.6727428102289,768.5917423154831,1246.0992107724117,122.91899950525419,600.4264679621828
2025-06-10,618.1863704004903,777.1313557561925,1013.7574280835654,158.94498535570222,395.5710576830751
2025-06-11,668.3253556914698,931.2096820339459,1218.6811489081329,262.88432634247613,550.3557932166631
2025-06-12,660.9985819592849,866.0407250226355,1046.3404014969444,205.04214306335052,385.3418195376595
2025-06-13,611.1995147166771,755.6405652275372,1178.8425129600296,144.44105051086012,567.6429982433525
2025-06-16,642.0216040117272,843.6507430795351,1159.4574557819788,201.62913906780796,517.4358517702516
2025-06-17,634.1755951426156,877.1433669719157,993.6624135520647,242.9677718293001,359.48681840944903
2025-06-18,652.5660059394972,871.7976900851356,1290.0399413852144,219.23168414563838,637.4739354457172
2025-06-19,594.5363055951865,770.5178240911952,1042.0771479153816,175.98151849600868,447.5408423201951
2025-06-20,636.1200083057049,776.7731694204263,1076.0947646042669,140.65316111472134,439.97475629856194
2025-06-23,645.7388183378865,853.649984018566,1186.795738060981,207.91116568067946,541.0569197230944
2025-06-24,575.6193581091522,768.2936273802397,1211.4830930520238,192.6742692710875,635.8637349428716
2025-06-25,590.3161763757205,808.0758373771071,1009.7339944778807,217.75966100138658,419.41781810216025
2025-06-26,569.2267835679586,773.9853736520571,1096.3947685527557,204.7585900840985,527.1679849847972
2025-06-27,613.782520944853,839.2601567108197,1177.6641709779103,225.47763576596674,563.8816500330573
2025-06-30,638.7665070467689,785.0047464687404,1229.0770677730834,146.23823942197157,590.3105607263145
2025-07-01,658.6972909295965,897.5669942113128,1197.341446457319,238.86970328171628,538.6441555277225
2025-07-02,623.3013033200037,806.1812835546237,1107.5985194116715,182.87998023462,484.2972160916678
2025-07-03,662.4750469156965,939.2380905469597,1100.7160248508244,276.76304363126326,438.24097793512794
2025-07-04,587.56800165018,726.1086107457016,1117.1823899548176,138.54060909552163,529.6143883046376
2025-07-07,579.7970123907261,839.5952025489885,993.5831111921655,259.7981901582624,413.7860988014394
2025-07-08,621.3040716888769,804.1996108620093,850.1690233394161,182.89553917313242,228.86495165053918
2025-07-09,632.6057467668556,773.0348465861332,1197.2617271826225,140.42909981927755,564.6559804157669
2025-07-10,622.4982438962921,771.303952193576,1233.8917280049118,148.8057082972839,611.3934841086196
2025-07-11,571.941217903947,728.9238524942309,856.6479743497631,156.98263459028396,284.70675644581615
2025-07-14,621.7110830523267,815.9193803724224,1041.738012581333,194.20829732009577,420.0269295290062
2025-07-15,591.6393160695451,790.7810904713201,1174.5547421700649,199.14177440177502,582.9154261005198
2025-07-16,641.3049928297085,785.6199926327795,1368.0545398008783,144.31499980307103,726.7495469711698
2025-07-17,634.040416850933,805.8226872378839,1157.1197876184738,171.78227038695093,523.0793707675408
2025-07-18,601.6909037706771,881.8044217012703,1049.8906096477635,280.11351793059316,448.19970587708644
2025-07-21,612.6538194446581,872.0309779496937,1115.364175334174,259.3771585050356,502.7103558895159
2025-07-22,599.3329045770406,794.1490880607422,1257.8205464918592,194.8161834837016,658.4876419148186
2025-07-23,624.5591718137472,799.4593457221572,1080.9627539012936,174.90017390841,456.4035820875464
2025-07-24,650.3177703327302,829.3193366686432,1091.3985696677048,179.00156633591303,441.0807993349746
2025-07-25,602.1092807679707,805.7851794044916,1074.8349285497675,203.67589863652086,472.72564778179674
2025-07-28,639.6669710302685,761.5273427703482,1065.3341102043973,121.8603717400797,425.6671391741288
2025-07-29,614.1229005870827,774.2540737159154,1147.3899321865622,160.13117312883276,533.2670315994795
2025-07-30,607.8712099103582,697.4420062164787,1291.3390557573143,89.57079630612054,683.4678458469562
2025-07-31,625.3311182334113,818.2922743636752,1178.6390455450141,192.96115613026393,553.3079273116028
2025-08-01,602.4398226104068,807.7996195955438,1098.204472397778,205.359796985137,495.76464978737124
2025-08-04,614.7938084775471,763.6344853625785,1106.6126815859927,148.84067688503137,491.8188731084456
2025-08-05,599.002411317061,850.7017494815627,963.6833304473953,251.69933816450168,364.68091913033425
2025-08-06,678.3819616340078,790.0936784838907,1287.6929393487237,111.71171684988292,609.3109777147159
2025-08-07,630.4600540270469,730.2413100165559,1143.6763343257667,99.78125598950896,513.2162802987198
2025-08-08,612.4001167605529,796.6227076885515,1115.3521254014904,184.22259092799857,502.9520086409375
2025-08-11,635.5576988559533,860.912613986561,1475.8684556404394,225.35491513060776,840.3107567844861
2025-08-12,627.7151039458707,884.9114885187641,1178.5903947824395,257.1963845728934,550.8752908365688
2025-08-13,625.3143268524049,775.3701137089579,1071.1352218428865,150.05578685655303,445.82089499048163
2025-08-14,646.5081536252413,873.4421952968062,1124.872394004687,226.93404167156484,478.36424037944573
2025-08-15,650.4072558684005,821.4818323933652,1286.251826788076,171.07457652496464,635.8445709196754
2025-08-18,618.5227692085133,782.8914042114723,1150.8498102622898,164.36863500295897,532.3270410537765
2025-08-19,617.7057345316088,834.8887314059424,994.8779366998721,217.18299687433364,377.1722021682633
2025-08-20,625.5409487142085,831.1570926348795,1238.4638421717289,205.616143920671,612.9228934575203
2025-08-21,575.1854206451814,669.3658127959688,1029.371012091282,94.1803921507875,454.1855914461006
2025-08-22,595.1700399334891,841.9970574197839,1303.4998175552437,246.82701748629484,708.3297776217546
2025-08-25,667.53819808281,909.5427657901826,1296.543004654275,242.00456770737253,629.0048065714649
2025-08-26,674.8072174049274,816.529082329451,1151.0750278390524,141.72186492452352,476.26781043412495
2025-08-27,627.7739650907696,820.56414176264,1276.8756012642807,192.79017667187043,649.1016361735111
2025-08-28,648.7307900891129,846.4322994032499,1176.5163411418532,197.70150931413696,527.7855510527403
2025-08-29,642.4152783093135,828.4489666005088,1248.6926458215355,186.0336882911953,606.277367512222
2025-09-01,711.9233616693289,857.4081039770579,1281.3966433987764,145.484742307729,569.4732817294475
2025-09-02,663.2581899145414,802.6770215176389,1099.622524415454,139.4188316030975,436.3643345009127
2025-09-03,632.3885117502219,804.1108082006497,1089.0335285184758,171.72229645042773,456.64501676825387
2025-09-04,612.0157337479991,843.6521847109673,1236.0118155061152,231.63645096296818,623.9960817581161
2025-09-05,596.061038878952,796.2410466086736,1083.583505668298,200.18000772972164,487.5224667893459
2025-09-08,641.6268988805144,796.0961822762091,1122.2620525563148,154.46928339569467,480.6351536758003
2025-09-09,617.9498095057182,829.5347450381355,1043.437551570783,211.58493553241726,425.4877420650647
2025-09-10,601.6206646869528,632.193533655449,1164.980571246299,30.57286896849621,563.3599065593462
2025-09-11,621.331273824545,851.7695588431501,1348.5837657488594,230.43828501860514,727.2524919243144
2025-09-12,610.7756436382135,696.7899546993085,1025.0223522127862,86.01431106109499,414.2467085745727
2025-09-15,680.3117917772518,835.1897447070951,1203.7337374445276,154.87795292984333,523.4219456672758
2025-09-16,660.4933114496239,777.5098167183166,1322.7153669911668,117.01650526869275,662.2220555415429
2025-09-17,638.5722276517353,746.83815386569,1151.6080885271638,108.26592621395469,513.0358608754285
2025-09-18,676.0895329287437,907.1308722976696,1242.326712553717,231.04133936892595,566.2371796249734
2025-09-19,641.3446826124116,790.9596225468171,1056.1053297977237,149.61493993440547,414.7606471853121
2025-09-22,618.1980751254752,808.523269212011,1182.02878484624,190.32519408653582,563.8307097207647
2025-09-23,678.1281471805025,848.7821182365433,1180.4137206800476,170.65397105604075,502.2855734995451
2025-09-24,653.8428213635018,850.6948627246579,1273.415820931488,196.85204136115613,619.5729995679862
2025-09-25,614.7591014483596,791.6001960013724,1254.4977066048348,176.8410945530128,639.7386051564752
2025-09-26,636.252133482084,745.1025222726555,1416.2084976839453,108.85038879057151,779.9563642018613
2025-09-29,619.4406493997725,842.2539903721295,1198.40396672113,222.81334097235697,578.9633173213575
2025-09-30,607.0817780131501,755.3939488550845,1160.6614096713668,148.3121708419344,553.5796316582166
2025-10-01,665.1270358611932,760.2979409282057,1205.5654660189268,95.17090506701243,540.4384301577336
2025-10-02,690.0289994832417,841.6232414349461,1175.712370202173,151.59424195170436,485.6833707189312
2025-10-03,607.6505409177457,855.6885304494613,1162.4989252639148,248.03798953171554,554.848384346169
2025-10-06,657.0102685456201,872.5213556512947,1148.470127531717,215.51108710567462,491.45985898609695
2025-10-07,626.9914414191243,782.5588346987313,1164.8375390460856,155.56739327960702,537.8460976269613
2025-10-08,631.400999805876,786.9381145899546,1284.160753366672,155.53711478407854,652.759753560796
2025-10-09,629.0910758612217,786.0093233003527,1049.4368193332575,156.91824743913094,420.3457434720358
2025-10-10,622.6231051871816,899.4605043652236,1257.6109613000863,276.837399178042,634.9878561129046
2025-10-13,645.7580265650123,837.85479917659,1298.4695332989988,192.09677261157765,652.7115067339865
2025-10-14,624.0935054490487,818.5955878086022,1133.286652749941,194.50208235955347,509.1931473008922
2025-10-15,651.9511126330003,876.4652853345924,960.7656227321409,224.5141727015921,308.81451009914053
2025-10-16,644.2563340982701,829.1957920495959,1104.4741353888269,184.93945795132572,460.21780129055674
2025-10-17,639.8613418062556,799.9092345152204,1290.5607964623664,160.0478927089648,650.6994546561108
2025-10-20,623.4688689483647,786.6513764941158,1142.1820627184766,163.18250754575104,518.7131937701118
2025-10-21,632.0617562154462,801.4816932447429,1053.1315329859551,169.41993702929676,421.06977677050895
2025-10-22,665.689060645038,836.8279488195459,1136.2115685222163,171.13888817450788,470.5225078771783
2025-10-23,659.6506118300034,869.0320890118523,1264.7126144804588,209.38147718184894,605.0620026504554
2025-10-24,623.0123648604997,798.6096591508647,1198.6857216806375,175.59729429036497,575.6733568201378
2025-10-27,650.2582792391843,859.8902830999632,1147.3650693222148,209.63200386077892,497.10679008303055
2025-10-28,666.88353717355,835.8477081681209,1151.2010959920813,168.96417099457085,484.3175588185312
2025-10-29,606.6877764907656,783.6195360065701,1088.5119615863834,176.93175951580452,481.82418509561785
2025-10-30,662.3311247825577,735.4210905559523,1091.0901063327074,73.08996577339462,428.75898155014966
2025-10-31,632.5058995593996,851.3222832945237,1315.0434685063437,218.81638373512408,682.5375689469441
2025-11-03,663.6609959946413,853.985419789541,1152.4289490735073,190.32442379489964,488.76795307886596
2025-11-04,630.6392483808893,853.5397538738719,1273.355100463439,222.90050549298257,642.7158520825496
2025-11-05,604.9235351414865,633.110766231802,1278.0551403337317,28.18723109031555,673.1316051922453
2025-11-06,609.6820495048493,887.1007847438857,1230.5131393196452,277.41873523903644,620.831089814796
2025-11-07,651.8979194236889,817.9184380159302,1129.735888151884,166.02051859224127,477.83796872819505
2025-11-10,657.5142061980698,885.9233470349457,1218.8872152317308,228.40914083687585,561.373009033661
2025-11-11,628.7387385992502,749.7434422429736,1147.3191779601584,121.00470364372347,518.5804393609083
2025-11-12,667.6371390234082,871.2758342765367,1098.2669529503953,203.6386952531285,430.62981392698714
2025-11-13,610.4601621610267,730.7893840023439,1163.896090333187,120.32922184131723,553.4359281721603
2025-11-14,650.6721678334266,792.4837197986362,1053.7681887174463,141.81155196520967,403.0960208840197
2025-11-17,622.3749198869479,891.0764875802872,1262.1428587331043,268.70156769333937,639.7679388461564
2025-11-18,636.6807473483957,800.1466273102284,1111.2190176185563,163.46587996183268,474.53827027016064
2025-11-19,654.4881051513818,838.3597488103679,1195.6040707386655,183.87164365898616,541.1159655872838
2025-11-20,632.1194558055569,848.6228423399946,1181.4482429601712,216.5033865344377,549.3287871546144
2025-11-21,644.3427162268788,842.126810625509,1139.452218856471,197.78409439863026,495.10950262959227
2025-11-24,679.4409033654018,859.9618486225806,1259.1102835129293,180.52094525717882,579.6693801475275
2025-11-25,640.1884281885295,831.4364783118408,1113.6980625262772,191.24805012331126,473.5096343377477
2025-11-26,675.8303330907002,969.001112352614,1283.9600628364246,293.1707792619138,608.1297297457245
2025-11-27,627.0228279377754,797.1418880860962,1013.4248599131006,170.11906014832073,386.40203197532514
2025-11-28,668.8382365017502,851.8931888374985,1202.4761944563913,183.05495233574834,533.6379579546411
2025-12-01,691.9601441363424,917.492863936723,1406.853044042171,225.53271980038062,714.8928999058286
2025-12-02,594.4577765810226,822.7340732289217,1015.4246441204651,228.27629664789913,420.96686753944255
2025-12-03,636.654632141985,869.006147420004,1089.8801350894998,232.35151527801906,453.2255029475149
2025-12-04,671.3321052150247,876.268616316484,1243.7228901809162,204.93651110145925,572.3907849658915
2025-12-05,652.1576200354542,768.0073743989301,1191.115798229414,115.84975436347588,538.9581781939597
2025-12-08,666.841018398155,921.5125950132099,1222.9040283255108,254.67157661505485,556.0630099273558
2025-12-09,642.7915230817586,758.4742534308241,1212.710236096525,115.68273034906554,569.9187130147665
2025-12-10,660.3848430128513,848.516616274803,1244.8569898690284,188.1317732619517,584.4721468561771
2025-12-11,654.6572774903898,789.9434849894219,1286.6272616860122,135.28620749903212,631.9699841956224
2025-12-12,688.0730345208747,857.866117191225,1250.054900213726,169.79308267035037,561.9818656928512
2025-12-15,665.5684433033995,855.0065638185736,1162.4426778415452,189.4381205151741,496.87423453814574
2025-12-16,667.9775927338595,857.0454535063732,1256.2349628541326,189.06786077251365,588.2573701202731
2025-12-17,649.5703707920088,843.666408503773,1360.5585642815304,194.0960377117642,710.9881934895216
2025-12-18,648.0070729907306,901.692636443663,1155.7436983524733,253.68556345293234,507.73662536174265
2025-12-19,649.7133725113486,845.3900875870476,1073.2604420442844,195.676715075699,423.5470695329359
2025-12-22,670.7188944298999,831.5110626653675,1302.426961358597,160.79216823546756,631.7080669286971
2025-12-23,650.6634076453712,871.8677660597891,1159.6252912500113,221.20435841441792,508.9618836046401
2025-12-24,668.7629850981209,901.2365095443529,972.4960304967173,232.47352444623198,303.73304539859635
2025-12-25,713.7343929486843,825.3540021918348,1319.4765606637266,111.61960924315042,605.7421677150422
2025-12-26,683.9584152548321,886.828418747325,1151.4255966594399,202.87000349249297,467.4671814046078
2025-12-29,654.3607995136782,862.4194366292231,1166.3074712832622,208.0586371155449,511.946671769584
2025-12-30,692.8729915658816,850.994816397882,1247.0710246227832,158.12182483200036,554.1980330569015
2025-12-31,652.9721805080001,894.757521173581,1193.0221484859067,241.78534066558097,540.0499679779066
2026-01-01,612.5525384865093,778.049759134883,1204.4977202004134,165.49722064837363,591.945181713904
2026-01-02,638.6352469189534,817.9140695925305,1116.086609861969,179.2788226735771,477.4513629430156
2026-01-05,617.3995253685881,781.7459341543946,1189.7101051861964,164.3464087858065,572.3105798176083
2026-01-06,655.713570954899,829.4925233339724,1150.7589031965072,173.77895237907342,495.0453322416082
2026-01-07,665.2941182396983,783.4803638949381,1260.1751663284485,118.18624565523987,594.8810480887503
2026-01-08,707.0770083962216,808.0744642665069,1289.613756797527,100.99745587028531,582.5367484013054
2026-01-09,673.6718429712381,926.3970961324867,1101.1279727667786,252.7252531612486,427.4561297955405
2026-01-12,660.353894736226,791.0058273203097,1289.9521063537293,130.65193258408362,629.5982116175032
2026-01-13,686.899463190013,810.3298457171976,1154.3031186786081,123.43038252718463,467.4036554885952
2026-01-14,611.2190230970589,676.5495174168732,1213.0248029251734,65.3304943198143,601.8057798281145
